Id,Content,Author,Likes,Shares,Date
399b,A dog content,Ruffles,10,999,10/10/2010 23:59
123a,Jumping over moon,Bubbles,78,45,12/09/2011 12:34
456c,Clouds above head,Fluffy,210,510,15/05/2013 14:15
789d,The sun shines,Wiggles,5,30,02/12/2012 09:23
112e,Stars twinkle bright,Puddles,330,670,11/06/2015 18:17
235f,Windy hill crest,Luna,91,50,03/01/2016 20:11
369g,Whispering pine trees,Shadow,12,50,08/08/2017 11:30
482h,Green grass grows,Comet,53,23,10/02/2019 16:45
503i,Dancing in rain,Rusty,64,78,21/03/2018 13:13
635j,Frogs on lily,Lady,401,300,23/12/2020 21:10
658k,Cats and dogs,Snowball,980,810,05/10/2021 07:07
789l,Bright summer day,Pixie,110,180,29/05/2021 19:15
802m,Winter’s cold touch,Misty,235,220,01/06/2019 10:12
921n,Twilight’s orange hue,Whiskers,1003,1001,15/07/2021 14:14
953o,Shadows grow long,Chester,1010,1008,12/03/2022 08:08
964p,Crisp morning air,Smokey,1020,1012,24/08/2020 05:05
975q,Misty morning fog,Peanut,13,40,27/01/2021 06:10
986r,Ocean’s gentle waves,Coco,45,50,15/02/2020 07:14
997s,Birds chirping melody,Muffin,78,35,20/08/2019 11:15
008t,Golden autumn leaves,Chewie,89,60,09/12/2021 03:05
119u,Silent snowy night,Boomer,59,48,14/04/2018 22:25
230v,Starry desert sky,Boots,15,50,21/06/2019 01:15
341w,Laughing brook’s song,Tiger,35,34,31/07/2018 14:55
452x,Fields of daisies,Snickers,88,56,10/11/2019 17:15
563y,Mountains touch sky,Rosie,95,52,18/02/2018 19:19
674z,Rainbow after rain,Charlie,27,75,23/03/2017 20:20
315a,Forest whispers secrets,Mittens,555,405,25/05/2020 11:11
426b,Moon’s silver beam,Patches,900,830,30/08/2019 09:15
537c,Firefly’s tiny glow,Socks,770,710,04/10/2020 15:45
648d,Glistening dewdrops,Whiskers,620,530,03/11/2019 04:04
759e,Children’s echoing laughter,Simba,501,300,29/09/2021 12:30
870f,Harmony in chaos,Smokey,840,820,07/07/2020 18:18
981g,Sunset paints skies,Daisy,760,790,05/06/2019 13:13
092h,Endless horizon calls,Oreo,420,310,01/12/2020 14:40
203i,City’s bustling life,Luna,650,580,21/03/2021 10:10
414j,Thunder’s mighty roar,Cupcake,1023,1010,15/02/2022 05:05
525k,Silence of space,Cinnamon,1009,1002,16/04/2021 07:15
636l,Universe’s grand design,Chloe,1050,1040,09/08/2020 08:08
747m,Infinite dreams soar,Buddy,1015,1020,17/11/2020 23:00
858n,Moments fleeting glimpse,Angel,1080,1030,06/05/2021 16:45
969o,Time’s endless river,Bailey,1060,1070,12/01/2019 09:30